xrealip,daily_user_num,year,month,day
13.110.78.8,1,2022,06,06
13.228.40.163,1,2022,06,08
13.228.40.163,1,2022,06,13
13.52.234.238,42,2022,06,14
18.138.183.50,2,2022,06,02
18.205.35.125,24,2022,06,01
18.205.35.125,17,2022,06,02
18.205.35.125,2,2022,06,03
18.205.35.125,8,2022,06,04
18.205.35.125,15,2022,06,06
18.205.35.125,9,2022,06,07
18.205.35.125,1,2022,06,08
18.205.35.125,2,2022,06,09
18.205.35.125,10,2022,06,10
18.205.35.125,1,2022,06,11
18.205.35.125,10,2022,06,13
18.205.35.125,11,2022,06,14
18.215.88.65,4,2022,06,02
18.215.88.65,3,2022,06,03
18.215.88.65,2,2022,06,04
18.215.88.65,4,2022,06,05
18.215.88.65,7,2022,06,06
18.215.88.65,5,2022,06,07
18.215.88.65,5,2022,06,08
18.215.88.65,5,2022,06,09
18.215.88.65,6,2022,06,10
18.215.88.65,4,2022,06,11
18.215.88.65,3,2022,06,12
18.215.88.65,6,2022,06,13
18.215.88.65,5,2022,06,14
2001:559:a4:21e:7dd4:9358:a0a7:4ac,1,2022,06,01
2001:559:a4:21e:7dd4:9358:a0a7:4ac,1,2022,06,02
2001:559:a4:21e:7dd4:9358:a0a7:4ac,1,2022,06,03
2001:559:a4:21e:7dd4:9358:a0a7:4ac,1,2022,06,04
2001:559:a4:21e:7dd4:9358:a0a7:4ac,1,2022,06,05
2001:559:a4:21e:7dd4:9358:a0a7:4ac,1,2022,06,06
2001:559:a4:21e:7dd4:9358:a0a7:4ac,1,2022,06,07
2001:559:a4:21e:7dd4:9358:a0a7:4ac,1,2022,06,08
2001:559:a4:21e:7dd4:9358:a0a7:4ac,1,2022,06,09
2001:559:a4:21e:7dd4:9358:a0a7:4ac,1,2022,06,10
2001:559:a4:21e:7dd4:9358:a0a7:4ac,1,2022,06,11
2001:559:a4:21e:7dd4:9358:a0a7:4ac,1,2022,06,12
2001:559:a4:21e:7dd4:9358:a0a7:4ac,1,2022,06,13
2001:559:a4:21e:7dd4:9358:a0a7:4ac,1,2022,06,14
2001:559:a4:225::195,27,2022,06,01
2001:559:a4:225::195,28,2022,06,02
2001:559:a4:225::195,23,2022,06,03
2001:559:a4:225::195,22,2022,06,04
2001:559:a4:225::195,22,2022,06,05
2001:559:a4:225::195,24,2022,06,06
2001:559:a4:225::195,25,2022,06,07
2001:559:a4:225::195,31,2022,06,08
2001:559:a4:225::195,32,2022,06,09
2001:559:a4:225::195,24,2022,06,10
2001:559:a4:225::195,22,2022,06,11
2001:559:a4:225::195,22,2022,06,12
2001:559:a4:225::195,29,2022,06,13
2001:559:a4:225::195,28,2022,06,14
2001:559:a4:225::89,14,2022,06,06
2001:559:a4:225::89,4,2022,06,07
2001:559:a4:227:24fe:7915:6bd7:5e9e,1,2022,06,02
2001:559:a4:227:942d:1c0:a430:2e5a,1,2022,06,14
2001:559:a4:227:9d86:c4da:d756:714,1,2022,06,01
2001:559:a4:227:9d86:c4da:d756:714,1,2022,06,02
2001:559:a4:227:9d86:c4da:d756:714,2,2022,06,07
2001:559:a4:227:9d86:c4da:d756:714,2,2022,06,08
2001:559:a4:227:b849:2335:1460:5ca8,2,2022,06,09
2001:559:a4:227:c0e:95dc:932a:ef8c,1,2022,06,10
2001:559:a4:227:cd6f:b784:1173:1a64,1,2022,06,08
2001:559:a4:227:cd6f:b784:1173:1a64,3,2022,06,09
2001:559:a4:227:cd6f:b784:1173:1a64,1,2022,06,10
2001:559:a4:227:cd6f:b784:1173:1a64,2,2022,06,13
2001:559:a4:227:cd6f:b784:1173:1a64,2,2022,06,14
2001:559:a4:228:2863:1922:ff67:8bf0,2,2022,06,06
2001:559:a4:228:396a:6f59:941f:5e4d,3,2022,06,09
2001:559:a4:228:44fc:4964:6298:ee2,2,2022,06,09
2001:559:a4:228:65df:8970:94dd:7b2b,2,2022,06,06
2001:559:a4:228:914a:4365:66c8:6d27,1,2022,06,08
2001:559:a4:228:e083:9c7a:6cb2:fc3d,1,2022,06,09
2001:559:a4:228:fdab:b72:d0c3:26bc,4,2022,06,14
2001:559:a4:234:7453:fcd4:7e52:ef7f,1,2022,06,08
2001:559:a4:236:2444:21fb:4e91:f792,2,2022,06,14
2001:559:a4:236:6592:69f2:e143:a38c,1,2022,06,08
2001:559:a4:236:71ea:c5d6:cda4:f6fe,1,2022,06,09
2001:559:a4:236:906e:1fee:d5c3:9e95,3,2022,06,13
2001:559:a4:236:9c7a:2700:2eab:cdcb,3,2022,06,13
2001:559:a4:236:9c7a:2700:2eab:cdcb,1,2022,06,14
2001:559:a4:236:cdb2:72c4:6c84:32a5,1,2022,06,14
2001:559:a4:236:ed57:66a7:9628:12a4,1,2022,06,07
2001:559:a4:236:fcd5:200:4d4:6bf2,1,2022,06,09
2001:559:a4:238:3dc9:bbf2:d723:3683,1,2022,06,07
2001:559:a4:23b:90f9:a027:dc43:e45b,1,2022,06,13
2001:559:a4:23b:992c:5b5f:ea6e:e4af,1,2022,06,01
2001:559:a4:23b:992c:5b5f:ea6e:e4af,1,2022,06,09
2001:559:a4:23b:b0e4:c28f:2118:c87,3,2022,06,01
2001:559:a4:23b:cbf:167e:7f45:5172,3,2022,06,10
2001:559:a4:23b:d0ce:a2b:e30e:7bcf,1,2022,06,13
2001:559:a4:23b:d8a7:c5ae:9bec:ae77,1,2022,06,13
2001:559:a4:23b:e156:9968:a028:da14,3,2022,06,02
2001:559:a4:23b:e156:9968:a028:da14,1,2022,06,07
3.208.254.246,1,2022,06,01
3.208.254.246,1,2022,06,06
3.211.133.56,2,2022,06,01
3.211.133.56,2,2022,06,06
3.211.70.114,1,2022,06,06
3.228.197.246,5,2022,06,01
3.228.197.246,2,2022,06,06
3.228.197.246,3,2022,06,07
3.228.197.246,6,2022,06,08
3.228.197.246,7,2022,06,09
3.228.197.246,5,2022,06,10
3.228.197.246,1,2022,06,12
3.228.197.246,1,2022,06,13
3.228.197.246,3,2022,06,14
3.232.225.49,2,2022,06,01
3.232.225.49,1,2022,06,02
3.232.225.49,2,2022,06,03
3.232.225.49,2,2022,06,04
3.232.225.49,3,2022,06,05
3.232.225.49,3,2022,06,06
3.232.225.49,3,2022,06,07
3.232.225.49,3,2022,06,08
3.232.225.49,3,2022,06,09
3.232.225.49,2,2022,06,10
3.232.225.49,3,2022,06,11
3.232.225.49,3,2022,06,12
3.232.225.49,1,2022,06,13
3.232.225.49,1,2022,06,14
3.233.120.23,1,2022,06,13
3.233.120.23,1,2022,06,14
34.215.195.251,39,2022,06,01
34.215.195.251,33,2022,06,02
34.215.195.251,5,2022,06,03
34.215.195.251,7,2022,06,04
34.215.195.251,3,2022,06,05
34.215.195.251,28,2022,06,06
34.215.195.251,14,2022,06,07
34.215.195.251,28,2022,06,08
34.215.195.251,42,2022,06,09
34.215.195.251,18,2022,06,10
34.215.195.251,9,2022,06,11
34.215.195.251,3,2022,06,12
34.215.195.251,31,2022,06,13
34.215.195.251,42,2022,06,14
34.238.143.76,211,2022,06,01
34.238.143.76,194,2022,06,02
34.238.143.76,62,2022,06,03
34.238.143.76,63,2022,06,04
34.238.143.76,65,2022,06,05
34.238.143.76,200,2022,06,06
34.238.143.76,203,2022,06,07
34.238.143.76,287,2022,06,08
34.238.143.76,236,2022,06,09
34.238.143.76,171,2022,06,10
34.238.143.76,72,2022,06,11
34.238.143.76,71,2022,06,12
34.238.143.76,187,2022,06,13
34.238.143.76,195,2022,06,14
36.33.24.184,3,2022,06,01
36.33.24.184,1,2022,06,02
36.33.24.184,2,2022,06,06
36.33.24.184,6,2022,06,07
36.33.24.184,2,2022,06,08
36.33.24.184,2,2022,06,09
36.33.24.184,6,2022,06,13
36.33.24.184,6,2022,06,14
38.99.100.2,394,2022,06,01
38.99.100.2,372,2022,06,02
38.99.100.2,165,2022,06,03
38.99.100.2,153,2022,06,04
38.99.100.2,159,2022,06,05
38.99.100.2,406,2022,06,06
38.99.100.2,406,2022,06,07
38.99.100.2,480,2022,06,08
38.99.100.2,419,2022,06,09
38.99.100.2,323,2022,06,10
38.99.100.2,178,2022,06,11
38.99.100.2,161,2022,06,12
38.99.100.2,406,2022,06,13
38.99.100.2,424,2022,06,14
38.99.100.7,48,2022,06,01
38.99.100.7,32,2022,06,02
38.99.100.7,23,2022,06,03
38.99.100.7,10,2022,06,04
38.99.100.7,4,2022,06,05
38.99.100.7,20,2022,06,06
38.99.100.7,24,2022,06,07
38.99.100.7,22,2022,06,08
38.99.100.7,22,2022,06,09
38.99.100.7,26,2022,06,10
38.99.100.7,10,2022,06,11
38.99.100.7,4,2022,06,12
38.99.100.7,16,2022,06,13
38.99.100.7,24,2022,06,14
38.99.114.227,3,2022,06,10
52.220.255.171,4,2022,06,13
52.220.255.171,3,2022,06,14
52.73.66.5,2,2022,06,01
52.73.66.5,1,2022,06,06
52.73.66.5,1,2022,06,07
52.73.66.5,1,2022,06,14
52.74.225.218,8,2022,06,01
52.74.225.218,5,2022,06,02
52.74.225.218,1,2022,06,03
52.74.225.218,1,2022,06,04
52.74.225.218,1,2022,06,05
52.74.225.218,9,2022,06,06
52.74.225.218,4,2022,06,07
52.74.225.218,4,2022,06,08
52.74.225.218,8,2022,06,09
52.74.225.218,4,2022,06,10
52.74.225.218,1,2022,06,11
52.74.225.218,1,2022,06,12
52.74.225.218,3,2022,06,13
52.74.225.218,5,2022,06,14
52.76.116.153,8,2022,06,01
52.76.116.153,8,2022,06,02
52.76.116.153,1,2022,06,03
52.76.116.153,1,2022,06,04
52.76.116.153,1,2022,06,05
52.76.116.153,6,2022,06,06
52.76.116.153,4,2022,06,07
52.76.116.153,7,2022,06,08
52.76.116.153,5,2022,06,09
52.76.116.153,2,2022,06,10
52.76.116.153,2,2022,06,11
52.76.116.153,1,2022,06,12
52.76.116.153,2,2022,06,13
52.76.116.153,8,2022,06,14
52.76.192.139,3,2022,06,02
52.76.192.139,2,2022,06,03
52.76.192.139,1,2022,06,04
52.76.192.139,2,2022,06,05
52.76.192.139,5,2022,06,06
52.76.192.139,4,2022,06,07
52.76.192.139,2,2022,06,08
52.76.192.139,4,2022,06,09
52.76.192.139,4,2022,06,10
52.76.192.139,4,2022,06,11
52.76.192.139,3,2022,06,12
52.76.192.139,3,2022,06,13
52.76.192.139,4,2022,06,14
54.147.230.103,1,2022,06,01
54.179.122.232,1,2022,06,01
54.179.122.232,3,2022,06,02
54.179.122.232,7,2022,06,06
54.179.122.232,5,2022,06,08
54.179.122.232,2,2022,06,09
54.179.122.232,5,2022,06,10
54.179.122.232,1,2022,06,11
54.179.122.232,1,2022,06,12
54.179.122.232,7,2022,06,13
54.179.122.232,1,2022,06,14
54.255.206.65,2,2022,06,14
