xrealip,daily_ip_usage,year,month,day
13.110.78.8,6,2022,06,06
13.228.40.163,1,2022,06,08
13.228.40.163,1,2022,06,13
13.52.234.238,190,2022,06,14
18.138.183.50,4,2022,06,02
18.205.35.125,3965,2022,06,01
18.205.35.125,1631,2022,06,02
18.205.35.125,636,2022,06,03
18.205.35.125,552,2022,06,04
18.205.35.125,1944,2022,06,06
18.205.35.125,601,2022,06,07
18.205.35.125,4,2022,06,08
18.205.35.125,31,2022,06,09
18.205.35.125,2134,2022,06,10
18.205.35.125,9,2022,06,11
18.205.35.125,2776,2022,06,13
18.205.35.125,1163,2022,06,14
18.215.88.65,18,2022,06,02
18.215.88.65,19,2022,06,03
18.215.88.65,13,2022,06,04
18.215.88.65,16,2022,06,05
18.215.88.65,37,2022,06,06
18.215.88.65,35,2022,06,07
18.215.88.65,38,2022,06,08
18.215.88.65,47,2022,06,09
18.215.88.65,36,2022,06,10
18.215.88.65,6,2022,06,11
18.215.88.65,14,2022,06,12
18.215.88.65,55,2022,06,13
18.215.88.65,54,2022,06,14
2001:559:a4:21e:7dd4:9358:a0a7:4ac,144,2022,06,01
2001:559:a4:21e:7dd4:9358:a0a7:4ac,134,2022,06,02
2001:559:a4:21e:7dd4:9358:a0a7:4ac,144,2022,06,03
2001:559:a4:21e:7dd4:9358:a0a7:4ac,144,2022,06,04
2001:559:a4:21e:7dd4:9358:a0a7:4ac,144,2022,06,05
2001:559:a4:21e:7dd4:9358:a0a7:4ac,139,2022,06,06
2001:559:a4:21e:7dd4:9358:a0a7:4ac,142,2022,06,07
2001:559:a4:21e:7dd4:9358:a0a7:4ac,133,2022,06,08
2001:559:a4:21e:7dd4:9358:a0a7:4ac,144,2022,06,09
2001:559:a4:21e:7dd4:9358:a0a7:4ac,143,2022,06,10
2001:559:a4:21e:7dd4:9358:a0a7:4ac,144,2022,06,11
2001:559:a4:21e:7dd4:9358:a0a7:4ac,144,2022,06,12
2001:559:a4:21e:7dd4:9358:a0a7:4ac,143,2022,06,13
2001:559:a4:21e:7dd4:9358:a0a7:4ac,144,2022,06,14
2001:559:a4:225::195,380,2022,06,01
2001:559:a4:225::195,495,2022,06,02
2001:559:a4:225::195,432,2022,06,03
2001:559:a4:225::195,382,2022,06,04
2001:559:a4:225::195,406,2022,06,05
2001:559:a4:225::195,413,2022,06,06
2001:559:a4:225::195,483,2022,06,07
2001:559:a4:225::195,514,2022,06,08
2001:559:a4:225::195,514,2022,06,09
2001:559:a4:225::195,571,2022,06,10
2001:559:a4:225::195,419,2022,06,11
2001:559:a4:225::195,379,2022,06,12
2001:559:a4:225::195,472,2022,06,13
2001:559:a4:225::195,492,2022,06,14
2001:559:a4:225::89,51,2022,06,06
2001:559:a4:225::89,27,2022,06,07
2001:559:a4:227:24fe:7915:6bd7:5e9e,1,2022,06,02
2001:559:a4:227:942d:1c0:a430:2e5a,17,2022,06,14
2001:559:a4:227:9d86:c4da:d756:714,8,2022,06,01
2001:559:a4:227:9d86:c4da:d756:714,5,2022,06,02
2001:559:a4:227:9d86:c4da:d756:714,55,2022,06,07
2001:559:a4:227:9d86:c4da:d756:714,11,2022,06,08
2001:559:a4:227:b849:2335:1460:5ca8,367,2022,06,09
2001:559:a4:227:c0e:95dc:932a:ef8c,16,2022,06,10
2001:559:a4:227:cd6f:b784:1173:1a64,24,2022,06,08
2001:559:a4:227:cd6f:b784:1173:1a64,28,2022,06,09
2001:559:a4:227:cd6f:b784:1173:1a64,25,2022,06,10
2001:559:a4:227:cd6f:b784:1173:1a64,57,2022,06,13
2001:559:a4:227:cd6f:b784:1173:1a64,43,2022,06,14
2001:559:a4:228:2863:1922:ff67:8bf0,2,2022,06,06
2001:559:a4:228:396a:6f59:941f:5e4d,47,2022,06,09
2001:559:a4:228:44fc:4964:6298:ee2,30,2022,06,09
2001:559:a4:228:65df:8970:94dd:7b2b,14,2022,06,06
2001:559:a4:228:914a:4365:66c8:6d27,11,2022,06,08
2001:559:a4:228:e083:9c7a:6cb2:fc3d,16,2022,06,09
2001:559:a4:228:fdab:b72:d0c3:26bc,41,2022,06,14
2001:559:a4:234:7453:fcd4:7e52:ef7f,2,2022,06,08
2001:559:a4:236:2444:21fb:4e91:f792,7,2022,06,14
2001:559:a4:236:6592:69f2:e143:a38c,15,2022,06,08
2001:559:a4:236:71ea:c5d6:cda4:f6fe,3,2022,06,09
2001:559:a4:236:906e:1fee:d5c3:9e95,22,2022,06,13
2001:559:a4:236:9c7a:2700:2eab:cdcb,47,2022,06,13
2001:559:a4:236:9c7a:2700:2eab:cdcb,7,2022,06,14
2001:559:a4:236:cdb2:72c4:6c84:32a5,117,2022,06,14
2001:559:a4:236:ed57:66a7:9628:12a4,6,2022,06,07
2001:559:a4:236:fcd5:200:4d4:6bf2,45,2022,06,09
2001:559:a4:238:3dc9:bbf2:d723:3683,8,2022,06,07
2001:559:a4:23b:90f9:a027:dc43:e45b,6,2022,06,13
2001:559:a4:23b:992c:5b5f:ea6e:e4af,17,2022,06,01
2001:559:a4:23b:992c:5b5f:ea6e:e4af,5,2022,06,09
2001:559:a4:23b:b0e4:c28f:2118:c87,11,2022,06,01
2001:559:a4:23b:cbf:167e:7f45:5172,15,2022,06,10
2001:559:a4:23b:d0ce:a2b:e30e:7bcf,3,2022,06,13
2001:559:a4:23b:d8a7:c5ae:9bec:ae77,7,2022,06,13
2001:559:a4:23b:e156:9968:a028:da14,24,2022,06,02
2001:559:a4:23b:e156:9968:a028:da14,6,2022,06,07
3.208.254.246,30,2022,06,01
3.208.254.246,27,2022,06,06
3.211.133.56,4,2022,06,01
3.211.133.56,13,2022,06,06
3.211.70.114,2,2022,06,06
3.228.197.246,11,2022,06,01
3.228.197.246,2,2022,06,06
3.228.197.246,7,2022,06,07
3.228.197.246,14,2022,06,08
3.228.197.246,7,2022,06,09
3.228.197.246,7,2022,06,10
3.228.197.246,1,2022,06,12
3.228.197.246,1,2022,06,13
3.228.197.246,5,2022,06,14
3.232.225.49,2,2022,06,01
3.232.225.49,1,2022,06,02
3.232.225.49,2,2022,06,03
3.232.225.49,2,2022,06,04
3.232.225.49,3,2022,06,05
3.232.225.49,3,2022,06,06
3.232.225.49,3,2022,06,07
3.232.225.49,3,2022,06,08
3.232.225.49,3,2022,06,09
3.232.225.49,2,2022,06,10
3.232.225.49,3,2022,06,11
3.232.225.49,3,2022,06,12
3.232.225.49,1,2022,06,13
3.232.225.49,1,2022,06,14
3.233.120.23,1,2022,06,13
3.233.120.23,1,2022,06,14
34.215.195.251,171,2022,06,01
34.215.195.251,72,2022,06,02
34.215.195.251,11,2022,06,03
34.215.195.251,11,2022,06,04
34.215.195.251,7,2022,06,05
34.215.195.251,143,2022,06,06
34.215.195.251,46,2022,06,07
34.215.195.251,73,2022,06,08
34.215.195.251,108,2022,06,09
34.215.195.251,29,2022,06,10
34.215.195.251,15,2022,06,11
34.215.195.251,6,2022,06,12
34.215.195.251,124,2022,06,13
34.215.195.251,113,2022,06,14
34.238.143.76,1588,2022,06,01
34.238.143.76,1202,2022,06,02
34.238.143.76,244,2022,06,03
34.238.143.76,183,2022,06,04
34.238.143.76,178,2022,06,05
34.238.143.76,960,2022,06,06
34.238.143.76,1015,2022,06,07
34.238.143.76,1368,2022,06,08
34.238.143.76,1605,2022,06,09
34.238.143.76,1028,2022,06,10
34.238.143.76,247,2022,06,11
34.238.143.76,340,2022,06,12
34.238.143.76,1206,2022,06,13
34.238.143.76,1197,2022,06,14
36.33.24.184,39,2022,06,01
36.33.24.184,117,2022,06,02
36.33.24.184,46,2022,06,06
36.33.24.184,98,2022,06,07
36.33.24.184,86,2022,06,08
36.33.24.184,2,2022,06,09
36.33.24.184,52,2022,06,13
36.33.24.184,45,2022,06,14
38.99.100.2,31488,2022,06,01
38.99.100.2,28154,2022,06,02
38.99.100.2,8422,2022,06,03
38.99.100.2,7599,2022,06,04
38.99.100.2,7322,2022,06,05
38.99.100.2,26019,2022,06,06
38.99.100.2,27456,2022,06,07
38.99.100.2,32875,2022,06,08
38.99.100.2,33733,2022,06,09
38.99.100.2,24260,2022,06,10
38.99.100.2,9865,2022,06,11
38.99.100.2,11681,2022,06,12
38.99.100.2,31361,2022,06,13
38.99.100.2,33624,2022,06,14
38.99.100.7,1056,2022,06,01
38.99.100.7,886,2022,06,02
38.99.100.7,491,2022,06,03
38.99.100.7,44,2022,06,04
38.99.100.7,51,2022,06,05
38.99.100.7,819,2022,06,06
38.99.100.7,925,2022,06,07
38.99.100.7,615,2022,06,08
38.99.100.7,935,2022,06,09
38.99.100.7,496,2022,06,10
38.99.100.7,79,2022,06,11
38.99.100.7,39,2022,06,12
38.99.100.7,488,2022,06,13
38.99.100.7,751,2022,06,14
38.99.114.227,13,2022,06,10
52.220.255.171,15,2022,06,13
52.220.255.171,4,2022,06,14
52.73.66.5,6,2022,06,01
52.73.66.5,3,2022,06,06
52.73.66.5,1,2022,06,07
52.73.66.5,1,2022,06,14
52.74.225.218,60,2022,06,01
52.74.225.218,18,2022,06,02
52.74.225.218,11,2022,06,03
52.74.225.218,7,2022,06,04
52.74.225.218,13,2022,06,05
52.74.225.218,47,2022,06,06
52.74.225.218,15,2022,06,07
52.74.225.218,14,2022,06,08
52.74.225.218,36,2022,06,09
52.74.225.218,22,2022,06,10
52.74.225.218,2,2022,06,11
52.74.225.218,2,2022,06,12
52.74.225.218,4,2022,06,13
52.74.225.218,100,2022,06,14
52.76.116.153,43,2022,06,01
52.76.116.153,38,2022,06,02
52.76.116.153,5,2022,06,03
52.76.116.153,9,2022,06,04
52.76.116.153,3,2022,06,05
52.76.116.153,18,2022,06,06
52.76.116.153,45,2022,06,07
52.76.116.153,13,2022,06,08
52.76.116.153,28,2022,06,09
52.76.116.153,7,2022,06,10
52.76.116.153,6,2022,06,11
52.76.116.153,11,2022,06,12
52.76.116.153,4,2022,06,13
52.76.116.153,77,2022,06,14
52.76.192.139,6,2022,06,02
52.76.192.139,4,2022,06,03
52.76.192.139,2,2022,06,04
52.76.192.139,4,2022,06,05
52.76.192.139,12,2022,06,06
52.76.192.139,8,2022,06,07
52.76.192.139,4,2022,06,08
52.76.192.139,7,2022,06,09
52.76.192.139,4,2022,06,10
52.76.192.139,4,2022,06,11
52.76.192.139,3,2022,06,12
52.76.192.139,3,2022,06,13
52.76.192.139,5,2022,06,14
54.147.230.103,9,2022,06,01
54.179.122.232,8,2022,06,01
54.179.122.232,8,2022,06,02
54.179.122.232,21,2022,06,06
54.179.122.232,11,2022,06,08
54.179.122.232,13,2022,06,09
54.179.122.232,21,2022,06,10
54.179.122.232,10,2022,06,11
54.179.122.232,3,2022,06,12
54.179.122.232,44,2022,06,13
54.179.122.232,2,2022,06,14
54.255.206.65,2,2022,06,14
